id,case_number,date,block,primary_type,description,location_description,arrest,domestic,beat,district,ward,community_area,latitude,longitude
14087127,JK120178,2026-01-18 21:30:00,011XX W CARROLL AVE,BATTERY,DOMESTIC BATTERY SIMPLE,APARTMENT,False,True,1214,12.0,27.0,28.0,41.887723159,-87.655139133
14090445,JK124524,2026-01-18 21:30:00,002XX N GREEN ST,BATTERY,SIMPLE,HOTEL / MOTEL,False,False,1214,12.0,27.0,28.0,41.885931086,-87.648650553
14087228,JK120251,2026-01-18 21:30:00,006XX W ROOSEVELT RD,BATTERY,DOMESTIC BATTERY SIMPLE,STREET,False,True,124,1.0,28.0,28.0,41.867197102,-87.64376934
29021,JK120169,2026-01-18 21:27:00,001XX E 118TH PL,HOMICIDE,FIRST DEGREE MURDER,STREET,False,False,532,5.0,9.0,53.0,41.678993486,-87.619070604
14087161,JK120183,2026-01-18 21:26:00,024XX W BELMONT AVE,BATTERY,DOMESTIC BATTERY SIMPLE,POLICE FACILITY / VEHICLE PARKING LOT,False,True,1921,19.0,47.0,5.0,41.939444419,-87.689596768
14088013,JK120175,2026-01-18 21:20:00,002XX E 35TH ST,BATTERY,SIMPLE,PARKING LOT / GARAGE (NON RESIDENTIAL),False,False,212,2.0,3.0,35.0,41.831063762,-87.621330678
14087173,JK120177,2026-01-18 21:13:00,008XX N WALLER AVE,BATTERY,SIMPLE,APARTMENT,False,False,1511,15.0,29.0,25.0,41.895515173,-87.767850151
14087168,JK120173,2026-01-18 21:11:00,016XX W JACKSON BLVD,BATTERY,SIMPLE,BAR OR TAVERN,False,False,1231,12.0,34.0,28.0,41.87760556,-87.667877617
14087159,JK120189,2026-01-18 21:03:00,057XX W DIVERSEY AVE,BATTERY,DOMESTIC BATTERY SIMPLE,APARTMENT,False,True,2514,25.0,30.0,19.0,41.931219161,-87.770386729
14087172,JK120187,2026-01-18 21:02:00,011XX E 82ND ST,ASSAULT,AGGRAVATED - KNIFE / CUTTING INSTRUMENT,APARTMENT,False,True,411,4.0,8.0,45.0,41.745880549,-87.597284923
14087255,JK120226,2026-01-18 21:00:00,071XX S VINCENNES AVE,BATTERY,DOMESTIC BATTERY SIMPLE,APARTMENT,False,True,731,7.0,6.0,69.0,41.765332603,-87.627981404
14087189,JK120223,2026-01-18 21:00:00,018XX S CENTRAL PARK AVE,ASSAULT,SIMPLE,RESIDENCE,False,True,1021,10.0,24.0,29.0,41.855794799,-87.715118114
14087124,JK120171,2026-01-18 20:48:00,048XX N CENTRAL AVE,BATTERY,DOMESTIC BATTERY SIMPLE,RESIDENCE,False,True,1623,16.0,45.0,11.0,41.968364393,-87.767493147
14087135,JK120160,2026-01-18 20:45:00,047XX S WABASH AVE,BATTERY,DOMESTIC BATTERY SIMPLE,APARTMENT,False,True,224,2.0,3.0,38.0,41.808769341,-87.624442322
14087670,JK120887,2026-01-18 20:45:00,007XX S CLARK ST,BATTERY,DOMESTIC BATTERY SIMPLE,APARTMENT,True,True,123,1.0,34.0,32.0,41.872910562,-87.63062942
14087105,JK120162,2026-01-18 20:35:00,037XX W 85TH PL,BATTERY,DOMESTIC BATTERY SIMPLE,RESIDENCE,True,True,834,8.0,18.0,70.0,41.737714825,-87.714837595
14087138,JK120161,2026-01-18 20:34:00,073XX S PRINCETON AVE,BATTERY,DOMESTIC BATTERY SIMPLE,RESIDENCE,False,True,731,7.0,6.0,69.0,41.761153612,-87.632110314
14087116,JK120150,2026-01-18 20:30:00,041XX W WELLINGTON AVE,BATTERY,DOMESTIC BATTERY SIMPLE,RESIDENCE,False,True,2523,25.0,31.0,21.0,41.935392776,-87.730844578
14087108,JK120147,2026-01-18 20:21:00,081XX S KILPATRICK AVE,BATTERY,SIMPLE,STREET,False,False,834,8.0,18.0,70.0,41.744560597,-87.738502302
14087297,JK120371,2026-01-18 20:15:00,019XX S MICHIGAN AVE,BATTERY,SIMPLE,CHURCH / SYNAGOGUE / PLACE OF WORSHIP,False,False,131,1.0,3.0,33.0,41.856126459,-87.623890217
14089620,JK120153,2026-01-18 20:09:00,026XX W LAWRENCE AVE,BATTERY,AGGRAVATED - OTHER DANGEROUS WEAPON,STREET,False,False,2031,20.0,40.0,4.0,41.968567003,-87.694197955
14087230,JK120241,2026-01-18 20:00:00,061XX S CAMPBELL AVE,ASSAULT,SIMPLE,RESIDENCE,False,False,825,8.0,16.0,66.0,41.782157342,-87.686167649
14087099,JK120141,2026-01-18 20:00:00,011XX N LAWLER AVE,BATTERY,DOMESTIC BATTERY SIMPLE,APARTMENT,False,True,1531,15.0,37.0,25.0,41.901287144,-87.752077454
14087184,JK120146,2026-01-18 19:52:00,009XX E 104TH ST,ASSAULT,AGGRAVATED - HANDGUN,APARTMENT,True,True,512,5.0,9.0,50.0,41.705677782,-87.600944364
14087139,JK120134,2026-01-18 19:40:00,062XX S EBERHART AVE,BATTERY,AGGRAVATED DOMESTIC BATTERY - OTHER DANGEROUS WEAPON,APARTMENT,False,True,313,3.0,20.0,42.0,41.781462605,-87.613230509
14094869,JK129948,2026-01-18 19:30:00,074XX S EGGLESTON AVE,BATTERY,"AGG. DOMESTIC BATTERY - HANDS, FISTS, FEET, SERIOUS INJURY",RESIDENCE,False,True,732,7.0,6.0,69.0,41.759144852,-87.635727727
14087221,JK120202,2026-01-18 19:30:00,020XX S ARCHER AVE,BATTERY,DOMESTIC BATTERY SIMPLE,PARKING LOT / GARAGE (NON RESIDENTIAL),False,True,914,9.0,11.0,34.0,41.854406699,-87.63162853
14087059,JK120127,2026-01-18 19:30:00,009XX W RANDOLPH ST,ASSAULT,SIMPLE,RESTAURANT,False,False,1224,12.0,27.0,28.0,41.884470215,-87.650337065
14087050,JK120123,2026-01-18 19:25:00,023XX S CALIFORNIA AVE,BATTERY,DOMESTIC BATTERY SIMPLE,APARTMENT,True,True,1033,10.0,24.0,30.0,41.849723614,-87.695386017
29020,JK120079,2026-01-18 19:21:00,058XX W WALTON ST,HOMICIDE,FIRST DEGREE MURDER,STREET,False,False,1511,15.0,29.0,25.0,41.897499409,-87.771233932
14086998,JK120106,2026-01-18 18:50:00,009XX W BELMONT AVE,BATTERY,SIMPLE,CTA STATION,False,False,1933,19.0,44.0,6.0,41.93991842,-87.653288878
14087062,JK120098,2026-01-18 18:45:00,014XX S SPECIAL OLYMPICS DR,BATTERY,SIMPLE,SPORTS ARENA / STADIUM,True,False,132,1.0,4.0,33.0,41.863196881,-87.614817819
13725322,JJ120807,2025-01-18 21:30:00,025XX N HALSTED ST,BATTERY,DOMESTIC BATTERY SIMPLE,SIDEWALK,False,True,1935,19.0,43.0,7.0,41.927880591,-87.648848932
13724668,JJ120082,2025-01-18 21:30:00,081XX S LOOMIS BLVD,ASSAULT,SIMPLE,RESIDENCE,False,False,613,6.0,17.0,71.0,41.746256279,-87.658480598
13724564,JJ120006,2025-01-18 21:15:00,065XX S MARSHFIELD AVE,BATTERY,DOMESTIC BATTERY SIMPLE,APARTMENT,False,True,725,7.0,15.0,67.0,41.775287356,-87.66537291
13725055,JJ120643,2025-01-18 21:00:00,058XX S UNION AVE,ASSAULT,SIMPLE,APARTMENT,False,False,711,7.0,16.0,68.0,41.787671849,-87.642550484
13724613,JJ120085,2025-01-18 21:00:00,008XX N MASSASOIT AVE,ASSAULT,AGGRAVATED - HANDGUN,APARTMENT,False,True,1511,15.0,29.0,25.0,41.895551357,-87.769069262
13724502,JJ119979,2025-01-18 20:31:00,067XX S THROOP ST,BATTERY,DOMESTIC BATTERY SIMPLE,RESIDENCE,False,True,724,7.0,17.0,67.0,41.771693848,-87.656722011
13724523,JJ119985,2025-01-18 20:27:00,066XX S HALSTED ST,BATTERY,SIMPLE,TAVERN / LIQUOR STORE,True,False,723,7.0,16.0,68.0,41.774069965,-87.644639452
13724565,JJ120054,2025-01-18 20:25:00,067XX S HALSTED ST,ASSAULT,AGGRAVATED - HANDGUN,VEHICLE NON-COMMERCIAL,False,False,723,7.0,16.0,68.0,41.772016903,-87.64458443
13724491,JJ119958,2025-01-18 20:06:00,045XX S HONORE ST,ASSAULT,AGGRAVATED - KNIFE / CUTTING INSTRUMENT,RESIDENCE,False,True,924,9.0,15.0,61.0,41.811509549,-87.671122564
13725044,JJ120555,2025-01-18 20:00:00,011XX W WILSON AVE,BATTERY,AGGRAVATED - KNIFE / CUTTING INSTRUMENT,CTA TRAIN,False,False,1913,19.0,46.0,3.0,41.965393249,-87.657992984
13724852,JJ120321,2025-01-18 20:00:00,076XX S ABERDEEN ST,ASSAULT,SIMPLE,RESIDENCE,False,False,612,6.0,17.0,71.0,41.755408131,-87.651439611
13725239,JJ119961,2025-01-18 20:00:00,035XX W 12TH PL,BATTERY,DOMESTIC BATTERY SIMPLE,APARTMENT,False,True,1021,10.0,24.0,29.0,41.865154549,-87.713930253
13724648,JJ120002,2025-01-18 20:00:00,001XX W DIVISION ST,ASSAULT,SIMPLE,STREET,False,False,1821,18.0,2.0,8.0,41.903889192,-87.632247779
13724423,JJ119963,2025-01-18 19:45:00,133XX S BUFFALO AVE,BATTERY,DOMESTIC BATTERY SIMPLE,RESIDENCE,False,True,433,4.0,10.0,55.0,41.652677603,-87.543514849
13724616,JJ119978,2025-01-18 19:45:00,025XX N HALSTED ST,BATTERY,DOMESTIC BATTERY SIMPLE,APARTMENT,False,True,1935,19.0,43.0,7.0,41.927880591,-87.648848932
13724561,JJ119948,2025-01-18 19:32:00,038XX W 60TH PL,ASSAULT,SIMPLE,RESIDENCE,False,False,823,8.0,23.0,65.0,41.783266967,-87.718821896
13724531,JJ119951,2025-01-18 19:28:00,003XX W 106TH ST,BATTERY,DOMESTIC BATTERY SIMPLE,RESIDENCE,False,True,512,5.0,21.0,49.0,41.701595532,-87.63149807
13728473,JJ119942,2025-01-18 19:24:00,051XX W CHICAGO AVE,BATTERY,SIMPLE,STREET,False,False,1531,15.0,37.0,25.0,41.894942226,-87.755293723
13729546,JJ119934,2025-01-18 19:22:00,028XX E 94TH ST,ASSAULT,AGGRAVATED - HANDGUN,STREET,False,True,423,4.0,7.0,48.0,41.724552668,-87.555753144
13724520,JJ119981,2025-01-18 19:00:00,031XX W WARREN BLVD,BATTERY,DOMESTIC BATTERY SIMPLE,RESIDENCE,False,True,1222,12.0,28.0,27.0,41.881905413,-87.704830372
13724593,JJ119926,2025-01-18 18:47:00,024XX E 74TH PL,ASSAULT,SIMPLE,APARTMENT,True,True,334,3.0,7.0,43.0,41.759871025,-87.564193071
13724437,JJ119901,2025-01-18 18:43:00,021XX S CHRISTIANA AVE,BATTERY,SIMPLE,SIDEWALK,False,False,1024,10.0,24.0,30.0,41.852764648,-87.708940428
13724498,JJ119913,2025-01-18 18:41:00,031XX W WARREN BLVD,BATTERY,AGGRAVATED DOMESTIC BATTERY - KNIFE / CUTTING INSTRUMENT,APARTMENT,False,True,1222,12.0,28.0,27.0,41.881905413,-87.704830372
13341874,JH120172,2024-01-18 21:14:00,071XX S DORCHESTER AVE,ASSAULT,SIMPLE,APARTMENT,False,False,324,3.0,8.0,43.0,41.764698678,-87.590959498
13363522,JH146191,2024-01-18 21:00:00,041XX W WELLINGTON AVE,BATTERY,"AGG. DOMESTIC BATTERY - HANDS, FISTS, FEET, SERIOUS INJURY",APARTMENT,True,True,2523,25.0,31.0,21.0,41.935387011,-87.731315067
13341882,JH120160,2024-01-18 21:00:00,065XX N HAMILTON AVE,BATTERY,SIMPLE,APARTMENT,False,False,2412,24.0,50.0,2.0,41.999784538,-87.683849433
13341971,JH120220,2024-01-18 21:00:00,088XX S SAGINAW AVE,BATTERY,AGGRAVATED OF A CHILD,RESIDENCE,False,True,423,4.0,7.0,46.0,41.734623247,-87.55966551
13342060,JH120162,2024-01-18 20:56:00,048XX S WESTERN BLVD,BATTERY,DOMESTIC BATTERY SIMPLE,APARTMENT,False,True,931,9.0,15.0,61.0,41.805371499,-87.683777403
13341939,JH120154,2024-01-18 20:49:00,101XX S ST LAWRENCE AVE,BATTERY,DOMESTIC BATTERY SIMPLE,RESIDENCE,False,True,511,5.0,9.0,49.0,41.710808526,-87.608991091
13342007,JH120168,2024-01-18 20:45:00,071XX S KEDZIE AVE,BATTERY,DOMESTIC BATTERY SIMPLE,VEHICLE NON-COMMERCIAL,False,True,831,8.0,17.0,66.0,41.76393165,-87.702801419
13341884,JH120143,2024-01-18 20:45:00,010XX N LONG AVE,ASSAULT,AGGRAVATED - HANDGUN,STREET,False,False,1524,15.0,37.0,25.0,41.899094348,-87.760788097
13341846,JH120127,2024-01-18 20:31:00,042XX N CLARK ST,BATTERY,DOMESTIC BATTERY SIMPLE,APARTMENT,False,True,1912,19.0,47.0,6.0,41.958489742,-87.664713152
13342118,JH120146,2024-01-18 20:30:00,034XX W HIRSCH ST,ASSAULT,SIMPLE,RESIDENCE,False,False,1422,14.0,26.0,23.0,41.906407782,-87.712727129
13341860,JH120119,2024-01-18 20:20:00,064XX N RIDGE BLVD,BATTERY,SIMPLE,NURSING / RETIREMENT HOME,False,False,2412,24.0,50.0,2.0,41.998915651,-87.67727301
13341905,JH120121,2024-01-18 20:15:00,051XX N NORTHWEST HWY,BATTERY,DOMESTIC BATTERY SIMPLE,APARTMENT,False,True,1623,16.0,45.0,11.0,41.974283015,-87.766808231
13341902,JH120112,2024-01-18 20:00:00,074XX W ADDISON ST,BATTERY,DOMESTIC BATTERY SIMPLE,RESIDENCE,False,True,1631,16.0,38.0,17.0,41.945158115,-87.812470013
13419883,JH213922,2024-01-18 20:00:00,033XX N RACINE AVE,ASSAULT,SIMPLE,APARTMENT,False,True,1924,19.0,44.0,6.0,41.942342559,-87.659041255
13341856,JH120085,2024-01-18 19:55:00,093XX S RIDGELAND AVE,BATTERY,DOMESTIC BATTERY SIMPLE,RESIDENCE,False,True,413,4.0,8.0,48.0,41.72542908,-87.581465986
13341833,JH120087,2024-01-18 19:50:00,044XX W DAKIN ST,BATTERY,DOMESTIC BATTERY SIMPLE,RESIDENCE,True,True,1731,17.0,30.0,16.0,41.952230639,-87.740203802
13341843,JH120093,2024-01-18 19:49:00,006XX W 61ST ST,ASSAULT,SIMPLE,APARTMENT,False,False,711,7.0,16.0,68.0,41.783445986,-87.641239215
13341828,JH120079,2024-01-18 19:39:00,073XX S WASHTENAW AVE,ASSAULT,SIMPLE,RESIDENCE,False,True,835,8.0,18.0,66.0,41.760194127,-87.690460466
13341851,JH120068,2024-01-18 19:34:00,050XX S OAKLEY AVE,BATTERY,AGGRAVATED - HANDGUN,STREET,False,False,931,9.0,15.0,63.0,41.80179001,-87.681803722
13341919,JH120088,2024-01-18 19:23:00,012XX W 109TH PL,BATTERY,"AGG. DOMESTIC BATTERY - HANDS, FISTS, FEET, SERIOUS INJURY",RESIDENCE,False,True,2234,22.0,21.0,75.0,41.69496031,-87.653041463
13343917,JH122231,2024-01-18 19:00:00,018XX N FRANCISCO AVE,ASSAULT,SIMPLE,RESIDENCE - YARD (FRONT / BACK),False,False,1421,14.0,26.0,22.0,41.914841131,-87.699224003
13341725,JH120042,2024-01-18 19:00:00,015XX W FARWELL AVE,BATTERY,SIMPLE,SIDEWALK,False,False,2431,24.0,49.0,1.0,42.006641921,-87.668451473
13344029,JH122900,2024-01-18 19:00:00,099XX S AVENUE H,BATTERY,DOMESTIC BATTERY SIMPLE,RESIDENCE,False,True,432,4.0,10.0,52.0,41.71492485,-87.532860369
13341842,JH120030,2024-01-18 18:37:00,015XX E 65TH ST,BATTERY,DOMESTIC BATTERY SIMPLE,APARTMENT,True,True,321,3.0,5.0,42.0,41.7769562,-87.588226153
13341889,JH120103,2024-01-18 18:30:00,054XX W AUGUSTA BLVD,BATTERY,AGGRAVATED - OTHER DANGEROUS WEAPON,SIDEWALK,False,False,1524,15.0,37.0,25.0,41.898532573,-87.76149836
13341819,JH120080,2024-01-18 18:30:00,014XX N KILDARE AVE,BATTERY,DOMESTIC BATTERY SIMPLE,APARTMENT,False,True,2534,25.0,36.0,23.0,41.906676084,-87.733785381
13341903,JH120018,2024-01-18 18:30:00,089XX S UNION AVE,BATTERY,SIMPLE,RESIDENCE,False,False,2223,22.0,21.0,71.0,41.732107334,-87.641072523
13343749,JH121586,2024-01-18 18:30:00,011XX W 63RD ST,ASSAULT,SIMPLE,TAVERN / LIQUOR STORE,False,False,712,7.0,16.0,68.0,41.779618724,-87.653822953
12957281,JG121803,2023-01-18 21:30:00,048XX W JACKSON BLVD,BATTERY,SIMPLE,STREET,False,False,1533,15.0,28.0,25.0,41.876795906,-87.745297106
12956787,JG121307,2023-01-18 21:27:00,049XX W MONROE ST,ASSAULT,SIMPLE,RESIDENCE - PORCH / HALLWAY,True,True,1533,15.0,28.0,25.0,41.879467146,-87.748195577
12956782,JG121290,2023-01-18 21:11:00,004XX E 32ND ST,BATTERY,DOMESTIC BATTERY SIMPLE,APARTMENT,False,True,211,2.0,4.0,35.0,41.836600771,-87.61677038
12956767,JG121279,2023-01-18 21:00:00,029XX W LEXINGTON ST,BATTERY,DOMESTIC BATTERY SIMPLE,APARTMENT,True,True,1135,11.0,28.0,27.0,41.871938186,-87.69931778
12956818,JG121320,2023-01-18 21:00:00,082XX S INGLESIDE AVE,BATTERY,DOMESTIC BATTERY SIMPLE,APARTMENT,False,True,631,6.0,8.0,44.0,41.745083371,-87.601372483
12956798,JG121299,2023-01-18 21:00:00,074XX S SOUTH SHORE DR,BATTERY,DOMESTIC BATTERY SIMPLE,APARTMENT,False,True,334,3.0,7.0,43.0,41.761484638,-87.55806373
12956795,JG121285,2023-01-18 20:50:00,024XX N LAWNDALE AVE,BATTERY,"AGG. DOMESTIC BATTERY - HANDS, FISTS, FEET, SERIOUS INJURY",APARTMENT,False,True,2524,25.0,31.0,22.0,41.925376401,-87.71945542
12957452,JG122154,2023-01-18 20:45:00,055XX W DRUMMOND PL,ASSAULT,SIMPLE,RESIDENCE,False,False,2514,25.0,30.0,19.0,41.928563818,-87.764478825
12957476,JG122202,2023-01-18 20:30:00,060XX S WOLCOTT AVE,ASSAULT,SIMPLE,STREET,False,False,714,7.0,15.0,67.0,41.784308275,-87.671611538
12956817,JG121303,2023-01-18 20:16:00,131XX S CORLISS AVE,ASSAULT,AGGRAVATED - KNIFE / CUTTING INSTRUMENT,APARTMENT,False,True,533,5.0,9.0,54.0,41.656299559,-87.602331074
12956742,JG121254,2023-01-18 20:12:00,042XX W ARMITAGE AVE,BATTERY,DOMESTIC BATTERY SIMPLE,SIDEWALK,False,True,2522,25.0,35.0,20.0,41.91709678,-87.731847071
12957639,JG121257,2023-01-18 20:05:00,009XX W FULLERTON AVE,BATTERY,SIMPLE,SIDEWALK,False,False,1812,18.0,43.0,7.0,41.925404043,-87.6518666
12957736,JG121245,2023-01-18 19:57:00,002XX W 95TH ST,BATTERY,SIMPLE,APARTMENT,False,True,634,6.0,21.0,49.0,41.721655537,-87.629092983
12956727,JG121237,2023-01-18 19:54:00,020XX W 52ND PL,BATTERY,DOMESTIC BATTERY SIMPLE,RESIDENCE,False,True,932,9.0,16.0,61.0,41.798016319,-87.675970438
12956805,JG121231,2023-01-18 19:50:00,032XX N PULASKI RD,BATTERY,AGGRAVATED - KNIFE / CUTTING INSTRUMENT,RESTAURANT,False,False,1732,17.0,30.0,21.0,41.940387398,-87.727221251
12956633,JG121197,2023-01-18 19:36:00,059XX S PEORIA ST,ASSAULT,SIMPLE,APARTMENT,False,True,712,7.0,16.0,68.0,41.786218897,-87.647384159
12956716,JG121196,2023-01-18 19:20:00,001XX N OAKLEY BLVD,ASSAULT,SIMPLE,CHA APARTMENT,False,False,1223,12.0,27.0,28.0,41.884180033,-87.684048419
12956723,JG121219,2023-01-18 19:03:00,024XX W 47TH PL,BATTERY,AGGRAVATED - HANDGUN,SIDEWALK,False,False,922,9.0,15.0,58.0,41.807510302,-87.685413708
12956688,JG121177,2023-01-18 18:48:00,053XX W BLOOMINGDALE AVE,BATTERY,DOMESTIC BATTERY SIMPLE,APARTMENT,True,True,2532,25.0,37.0,25.0,41.913120866,-87.758733913
12956543,JG121155,2023-01-18 18:47:00,064XX S KEDZIE AVE,ASSAULT,SIMPLE,RESTAURANT,False,False,823,8.0,17.0,66.0,41.775873548,-87.703065743
12956725,JG121158,2023-01-18 18:40:00,041XX W IRVING PARK RD,ASSAULT,"PROTECTED EMPLOYEE - HANDS, FISTS, FEET, NO / MINOR INJURY",CTA STATION,False,False,1732,17.0,45.0,16.0,41.953620328,-87.730408248
12956647,JG121146,2023-01-18 18:35:00,050XX W MONROE ST,BATTERY,DOMESTIC BATTERY SIMPLE,APARTMENT,True,True,1533,15.0,28.0,25.0,41.879435376,-87.750582705
12595968,JF117260,2022-01-18 20:48:00,071XX S ST LAWRENCE AVE,ASSAULT,SIMPLE,APARTMENT,False,False,323,3.0,6.0,69.0,41.765058712,-87.610408244
12595984,JF117253,2022-01-18 20:45:00,005XX N LARAMIE AVE,BATTERY,AGGRAVATED DOMESTIC BATTERY - OTHER DANGEROUS WEAPON,RESIDENCE,False,True,1523,15.0,37.0,25.0,41.890450601,-87.755433383
12599427,JF117213,2022-01-18 20:40:00,011XX N LAWLER AVE,BATTERY,DOMESTIC BATTERY SIMPLE,APARTMENT,False,True,1531,15.0,37.0,25.0,41.901155389,-87.752071302
12596014,JF117223,2022-01-18 20:38:00,010XX W GRACE ST,BATTERY,DOMESTIC BATTERY SIMPLE,APARTMENT,False,True,1923,19.0,44.0,6.0,41.951100395,-87.655956563
12595958,JF117222,2022-01-18 20:30:00,048XX S KEDZIE AVE,ASSAULT,SIMPLE,CTA BUS,False,False,821,8.0,14.0,58.0,41.804962024,-87.703884743
12596369,JF117523,2022-01-18 20:30:00,037XX N LARAMIE AVE,BATTERY,SIMPLE,SCHOOL - PUBLIC BUILDING,False,False,1634,16.0,45.0,15.0,41.948979271,-87.757011425
12596527,JF117242,2022-01-18 20:30:00,075XX S SOUTH SHORE DR,BATTERY,SIMPLE,APARTMENT,False,False,421,4.0,7.0,43.0,41.76015578,-87.556752911
12595951,JF117211,2022-01-18 20:27:00,075XX S PARNELL AVE,BATTERY,DOMESTIC BATTERY SIMPLE,RESIDENCE,False,True,621,6.0,6.0,69.0,41.757196252,-87.638420668
12595944,JF117184,2022-01-18 20:10:00,002XX S STATE ST,ASSAULT,SIMPLE,CTA TRAIN,True,False,113,1.0,42.0,32.0,41.878638996,-87.627691486
12596034,JF117210,2022-01-18 20:00:00,084XX S COLFAX AVE,ASSAULT,SIMPLE,RESIDENCE,False,True,423,4.0,7.0,46.0,41.742125685,-87.561224349
12595942,JF117196,2022-01-18 20:00:00,021XX S WASHTENAW AVE,BATTERY,DOMESTIC BATTERY SIMPLE,APARTMENT,False,True,1023,10.0,12.0,30.0,41.852539739,-87.693012575
12595971,JF117183,2022-01-18 19:55:00,043XX S MOZART ST,BATTERY,DOMESTIC BATTERY SIMPLE,RESIDENCE,False,True,922,9.0,15.0,58.0,41.814664166,-87.69562767
12595916,JF117161,2022-01-18 19:45:00,054XX W WASHINGTON BLVD,BATTERY,DOMESTIC BATTERY SIMPLE,APARTMENT,False,True,1522,15.0,29.0,25.0,41.882301757,-87.760677308
12595901,JF117168,2022-01-18 19:39:00,080XX S PRINCETON AVE,ASSAULT,SIMPLE,APARTMENT,False,True,623,6.0,17.0,44.0,41.74845393,-87.631816116
12596564,JF117224,2022-01-18 19:30:00,011XX N SPAULDING AVE,BATTERY,AGGRAVATED - KNIFE / CUTTING INSTRUMENT,SIDEWALK,False,False,1121,11.0,26.0,23.0,41.901988105,-87.709419836
12596686,JF117128,2022-01-18 19:20:00,059XX S INDIANA AVE,ASSAULT,AGGRAVATED - OTHER DANGEROUS WEAPON,APARTMENT,False,True,232,2.0,20.0,40.0,41.786651593,-87.620637942
12595941,JF117148,2022-01-18 19:05:00,064XX S ARTESIAN AVE,BATTERY,DOMESTIC BATTERY SIMPLE,APARTMENT,False,True,825,8.0,16.0,66.0,41.776817439,-87.684795188
12595894,JF117179,2022-01-18 19:00:00,051XX S INDIANA AVE,ASSAULT,SIMPLE,APARTMENT,False,True,231,2.0,3.0,40.0,41.801036644,-87.621003025
12595918,JF117113,2022-01-18 18:50:00,071XX S SEELEY AVE,ASSAULT,AGGRAVATED - HANDGUN,VEHICLE NON-COMMERCIAL,False,True,735,7.0,17.0,67.0,41.764119941,-87.6747294
12595926,JF117115,2022-01-18 18:42:00,002XX W 72ND ST,BATTERY,DOMESTIC BATTERY SIMPLE,APARTMENT,True,True,731,7.0,6.0,69.0,41.763599764,-87.630474553
12596278,JF117106,2022-01-18 18:40:00,004XX S RACINE AVE,ASSAULT,AGGRAVATED - HANDGUN,CTA PLATFORM,False,False,1231,12.0,28.0,28.0,41.875508384,-87.656975687
12595902,JF117127,2022-01-18 18:30:00,076XX S GREEN ST,BATTERY,DOMESTIC BATTERY SIMPLE,APARTMENT,False,True,621,6.0,17.0,71.0,41.755462553,-87.645377167
12272828,JE116626,2021-01-18 21:25:00,081XX S PAULINA ST,BATTERY,DOMESTIC BATTERY SIMPLE,APARTMENT,True,True,614,6.0,21.0,71.0,41.746191769,-87.665758868
12272847,JE116628,2021-01-18 21:20:00,135XX S BRANDON AVE,ASSAULT,SIMPLE,OTHER (SPECIFY),False,False,433,4.0,10.0,55.0,41.649348818,-87.545930166
12272843,JE116650,2021-01-18 21:20:00,106XX S TORRENCE AVE,ASSAULT,SIMPLE,CTA BUS,False,False,434,4.0,10.0,51.0,41.701830902,-87.55958634
12272860,JE116686,2021-01-18 21:15:00,035XX W 13TH PL,BATTERY,DOMESTIC BATTERY SIMPLE,APARTMENT,False,True,1021,10.0,24.0,29.0,41.864098105,-87.713947792
12272813,JE116634,2021-01-18 21:08:00,028XX N CLYBOURN AVE,ASSAULT,SIMPLE,RESIDENCE,False,True,1931,19.0,1.0,5.0,41.933129385,-87.6792964
12272845,JE116619,2021-01-18 20:45:00,102XX S CALHOUN AVE,BATTERY,DOMESTIC BATTERY SIMPLE,RESIDENCE,False,True,431,4.0,7.0,51.0,41.709413985,-87.562113993
12272838,JE116631,2021-01-18 20:35:00,052XX W HARRISON ST,BATTERY,DOMESTIC BATTERY SIMPLE,APARTMENT,False,True,1522,15.0,29.0,25.0,41.872930051,-87.756274168
12272791,JE116609,2021-01-18 20:24:00,015XX S HOMAN AVE,ASSAULT,AGGRAVATED - HANDGUN,STREET,False,False,1021,10.0,24.0,29.0,41.859934878,-87.710361081
12272821,JE116602,2021-01-18 20:00:00,079XX S EAST END AVE,BATTERY,DOMESTIC BATTERY SIMPLE,STREET,True,True,414,4.0,8.0,46.0,41.751072904,-87.582881895
12275460,JE116592,2021-01-18 19:59:00,005XX E 107TH ST,BATTERY,AGGRAVATED DOMESTIC BATTERY - KNIFE / CUTTING INSTRUMENT,RESIDENCE,False,True,513,5.0,9.0,49.0,41.700066089,-87.60967924
12272854,JE116604,2021-01-18 19:55:00,066XX S SPAULDING AVE,BATTERY,DOMESTIC BATTERY SIMPLE,APARTMENT,False,True,831,8.0,15.0,66.0,41.771992124,-87.705391276
12304700,JE156324,2021-01-18 19:33:00,115XX S ADA ST,BATTERY,"AGG. DOMESTIC BATTERY - HANDS, FISTS, FEET, SERIOUS INJURY",RESIDENCE,False,True,524,5.0,34.0,53.0,41.684170402,-87.655501787
12272942,JE116588,2021-01-18 19:06:00,068XX S PAXTON AVE,BATTERY,AGGRAVATED - KNIFE / CUTTING INSTRUMENT,APARTMENT,False,False,331,3.0,5.0,43.0,41.77113044,-87.571544262
12272741,JE116574,2021-01-18 19:00:00,026XX W LITHUANIAN PLAZA CT,BATTERY,DOMESTIC BATTERY SIMPLE,APARTMENT,True,True,831,8.0,17.0,66.0,41.768243533,-87.689056789
12272799,JE116571,2021-01-18 18:48:00,010XX W 77TH ST,BATTERY,DOMESTIC BATTERY SIMPLE,APARTMENT,False,True,612,6.0,17.0,71.0,41.754204588,-87.649334036
12272793,JE116567,2021-01-18 18:45:00,081XX S MAY ST,BATTERY,DOMESTIC BATTERY SIMPLE,APARTMENT,False,True,613,6.0,21.0,71.0,41.745915793,-87.652401206
12272805,JE116568,2021-01-18 18:45:00,061XX S RHODES AVE,BATTERY,AGGRAVATED - HANDGUN,STREET,False,False,313,3.0,20.0,42.0,41.783178859,-87.612089341
12272770,JE116569,2021-01-18 18:40:00,044XX N FRANCISCO AVE,ASSAULT,SIMPLE,APARTMENT,False,True,1724,17.0,33.0,14.0,41.961708065,-87.700925146
12272730,JE116555,2021-01-18 18:35:00,0000X E 101ST PL,ASSAULT,SIMPLE,RESIDENCE,False,True,511,5.0,9.0,49.0,41.70991675,-87.622193006
12272738,JE116543,2021-01-18 18:32:00,016XX N CENTRAL AVE,ASSAULT,AGGRAVATED - HANDGUN,STREET,False,False,2531,25.0,29.0,25.0,41.909845362,-87.765578192
11955616,JD120746,2020-01-18 21:30:00,084XX S EXCHANGE AVE,BATTERY,AGGRAVATED: OTHER DANG WEAPON,RESIDENCE,False,False,423,4.0,10.0,46.0,41.742158854,-87.552730314
11955828,JD120751,2020-01-18 21:27:00,011XX W 83RD ST,ASSAULT,SIMPLE,RESIDENCE PORCH/HALLWAY,False,False,613,6.0,21.0,71.0,41.743226248,-87.652843687
11955655,JD120735,2020-01-18 21:20:00,081XX S KOMENSKY AVE,BATTERY,DOMESTIC BATTERY SIMPLE,RESIDENCE,False,True,834,8.0,18.0,70.0,41.744492759,-87.72243472
11955670,JD120732,2020-01-18 21:05:00,079XX S RACINE AVE,BATTERY,DOMESTIC BATTERY SIMPLE,APARTMENT,False,True,612,6.0,17.0,71.0,41.750226733,-87.653729903
11955587,JD120722,2020-01-18 20:46:00,079XX S OGLESBY AVE,BATTERY,DOMESTIC BATTERY SIMPLE,RESIDENCE,False,True,414,4.0,7.0,46.0,41.750946308,-87.567440278
11955629,JD120723,2020-01-18 20:40:00,032XX W 26TH ST,BATTERY,AGG PRO.EMP: OTHER DANG WEAPON,CTA BUS,True,False,1024,10.0,12.0,30.0,41.844514992,-87.705343247
11955552,JD120705,2020-01-18 20:38:00,010XX W JACKSON BLVD,ASSAULT,SIMPLE,GAS STATION,False,False,1232,12.0,25.0,28.0,41.877858893,-87.652573925
11955711,JD120774,2020-01-18 20:35:00,003XX W 94TH PL,BATTERY,DOMESTIC BATTERY SIMPLE,RESIDENCE,False,True,634,6.0,21.0,49.0,41.7230124,-87.632426267
11955584,JD120706,2020-01-18 20:30:00,018XX W NORTH AVE,ASSAULT,SIMPLE,RESTAURANT,False,False,1424,14.0,2.0,24.0,41.910552858,-87.673101379
11955664,JD120826,2020-01-18 20:30:00,039XX S ASHLAND AVE,BATTERY,SIMPLE,SPORTS ARENA/STADIUM,False,False,924,9.0,12.0,61.0,41.82254499,-87.665557031
12086194,JD273551,2020-01-18 20:30:00,027XX S HARDING AVE,BATTERY,"AGGRAVATED - HANDS, FISTS, FEET, SERIOUS INJURY",OTHER (SPECIFY),False,False,1031,10.0,22.0,30.0,41.841966137,-87.723270006
11955576,JD120720,2020-01-18 20:21:00,057XX N LOWELL AVE,BATTERY,DOMESTIC BATTERY SIMPLE,RESIDENCE,False,True,1711,17.0,39.0,13.0,41.985529732,-87.737195057
11955624,JD120696,2020-01-18 20:04:00,051XX W WEST END AVE,BATTERY,DOMESTIC BATTERY SIMPLE,STREET,False,True,1532,15.0,28.0,25.0,41.883014079,-87.754420753
11956380,JD121606,2020-01-18 20:00:00,020XX W BALMORAL AVE,BATTERY,SIMPLE,NURSING HOME/RETIREMENT HOME,False,False,2012,20.0,40.0,4.0,41.979649551,-87.680799226
11955550,JD120681,2020-01-18 20:00:00,070XX S CLAREMONT AVE,BATTERY,DOMESTIC BATTERY SIMPLE,RESIDENCE,False,True,832,8.0,17.0,66.0,41.766027289,-87.681960407
11955591,JD120701,2020-01-18 19:49:00,083XX S CARPENTER ST,ASSAULT,SIMPLE,APARTMENT,False,False,613,6.0,21.0,71.0,41.74276136,-87.649884215
11955569,JD120677,2020-01-18 19:49:00,062XX S CARPENTER ST,BATTERY,AGGRAVATED DOMESTIC BATTERY: OTHER DANG WEAPON,RESIDENCE,True,True,712,7.0,16.0,68.0,41.780866465,-87.650891309
11955595,JD120708,2020-01-18 19:45:00,023XX W MADISON ST,ASSAULT,AGGRAVATED: HANDGUN,RESTAURANT,False,False,1223,12.0,27.0,28.0,41.881185703,-87.684956378
11955582,JD120663,2020-01-18 19:40:00,082XX S KEDZIE AVE,ASSAULT,SIMPLE,GAS STATION,True,False,834,8.0,18.0,70.0,41.743867618,-87.702228253
11956617,JD121868,2020-01-18 19:30:00,054XX N KENMORE AVE,BATTERY,DOMESTIC BATTERY SIMPLE,RESIDENCE,False,True,2023,20.0,48.0,77.0,41.980875696,-87.656538472
11955614,JD120662,2020-01-18 19:30:00,032XX N LECLAIRE AVE,BATTERY,SIMPLE,"SCHOOL, PUBLIC, BUILDING",False,False,1634,16.0,31.0,15.0,41.939898633,-87.754281422
11955543,JD120657,2020-01-18 19:08:00,087XX W SUMMERDALE AVE,BATTERY,DOMESTIC BATTERY SIMPLE,APARTMENT,True,True,1614,16.0,41.0,76.0,41.975990696,-87.844600174
11955517,JD120679,2020-01-18 19:07:00,050XX S CICERO AVE,ASSAULT,AGGRAVATED: OTHER DANG WEAPON,STREET,True,False,814,8.0,22.0,56.0,41.801692642,-87.742991505
11955558,JD120626,2020-01-18 19:06:00,031XX N MILWAUKEE AVE,BATTERY,SIMPLE,PARKING LOT/GARAGE(NON.RESID.),True,False,2523,25.0,30.0,21.0,41.938658971,-87.723157866
11955553,JD120640,2020-01-18 19:04:00,017XX N SPRINGFIELD AVE,BATTERY,DOMESTIC BATTERY SIMPLE,POOL ROOM,False,True,2535,25.0,26.0,20.0,41.912359831,-87.723963176
11955549,JD120631,2020-01-18 18:40:00,065XX S FRANCISCO AVE,ASSAULT,SIMPLE,APARTMENT,False,True,831,8.0,17.0,66.0,41.774677643,-87.695715977
11571906,JC122863,2019-01-18 21:30:00,068XX S CAMPBELL AVE,BATTERY,DOMESTIC BATTERY SIMPLE,RESIDENCE,False,True,832,8.0,17.0,66.0,41.769441055,-87.685818925
11571304,JC122146,2019-01-18 21:20:00,046XX S INDIANA AVE,BATTERY,AGG PO HANDS NO/MIN INJURY,SIDEWALK,True,False,215,2.0,3.0,38.0,41.810209459,-87.621235204
11571220,JC122117,2019-01-18 21:10:00,031XX N LAKEWOOD AVE,BATTERY,SIMPLE,ALLEY,False,False,1933,19.0,32.0,6.0,41.938343734,-87.661295992
11571223,JC122122,2019-01-18 20:47:00,060XX S KEDZIE AVE,BATTERY,SIMPLE,PARKING LOT/GARAGE(NON.RESID.),False,False,823,8.0,16.0,66.0,41.783451628,-87.70326286
11571735,JC122110,2019-01-18 20:30:00,006XX E 62ND ST,ASSAULT,SIMPLE,APARTMENT,False,False,313,3.0,20.0,42.0,41.782175371,-87.609182059
11571188,JC122101,2019-01-18 20:30:00,065XX N CALIFORNIA AVE,ASSAULT,AGGRAVATED - HANDGUN,APARTMENT,False,False,2412,24.0,50.0,2.0,41.999988443,-87.699711114
11571150,JC122087,2019-01-18 20:10:00,006XX E GRAND AVE,ASSAULT,SIMPLE,OTHER,False,False,1834,18.0,42.0,8.0,41.891990384,-87.611461502
11571147,JC122066,2019-01-18 20:10:00,001XX E PERSHING RD,BATTERY,SIMPLE,PARKING LOT/GARAGE(NON.RESID.),False,False,212,2.0,3.0,35.0,41.823761896,-87.622761725
11571185,JC122078,2019-01-18 20:04:00,051XX S HOYNE AVE,BATTERY,DOMESTIC BATTERY SIMPLE,RESIDENCE,False,True,932,9.0,16.0,61.0,41.799690178,-87.676903212
11571716,JC122156,2019-01-18 20:00:00,095XX S NORMAL AVE,BATTERY,DOMESTIC BATTERY SIMPLE,RESIDENCE,False,True,2223,22.0,21.0,73.0,41.721038562,-87.63592392
11571249,JC122050,2019-01-18 19:55:00,063XX S DR MARTIN LUTHER KING JR DR,ASSAULT,PRO EMP HANDS NO/MIN INJURY,CTA STATION,False,False,312,3.0,20.0,69.0,41.780110888,-87.615617777
11571206,JC122065,2019-01-18 19:50:00,008XX W MONTROSE AVE,BATTERY,DOMESTIC BATTERY SIMPLE,APARTMENT,False,True,1914,19.0,46.0,3.0,41.961818665,-87.651680937
11571194,JC122052,2019-01-18 19:31:00,037XX S LAKE SHORE DR NB,ASSAULT,AGGRAVATED: HANDGUN,STREET,False,False,212,2.0,4.0,36.0,41.828737615,-87.603561084
11571144,JC122049,2019-01-18 19:20:00,025XX W 71ST ST,ASSAULT,SIMPLE,RESIDENCE,False,True,832,8.0,18.0,66.0,41.764648542,-87.686134696
11571247,JC122020,2019-01-18 19:20:00,063XX S DR MARTIN LUTHER KING JR DR,BATTERY,DOMESTIC BATTERY SIMPLE,APARTMENT,False,True,312,3.0,20.0,69.0,41.779120086,-87.615599494
11571151,JC122018,2019-01-18 19:10:00,0000X E LAKE ST,ASSAULT,AGGRAVATED: HANDGUN,SIDEWALK,False,False,111,1.0,42.0,32.0,41.885729587,-87.625821329
11571825,JC122002,2019-01-18 19:07:00,080XX S MARYLAND AVE,ASSAULT,AGGRAVATED: OTHER DANG WEAPON,STREET,False,False,631,6.0,8.0,44.0,41.748828946,-87.603898816
11572017,JC123107,2019-01-18 19:00:00,038XX W MONROE ST,BATTERY,DOMESTIC BATTERY SIMPLE,APARTMENT,False,True,1122,11.0,28.0,26.0,41.879808008,-87.721966478
11571295,JC121993,2019-01-18 19:00:00,0000X W 95TH ST,BATTERY,AGGRAVATED:KNIFE/CUTTING INSTR,CTA TRAIN,False,False,511,5.0,21.0,49.0,41.721623049,-87.624701342
11572167,JC123281,2019-01-18 19:00:00,068XX S ASHLAND AVE,BATTERY,SIMPLE,RESTAURANT,False,False,725,7.0,17.0,67.0,41.769730106,-87.663949586
11571217,JC122025,2019-01-18 19:00:00,009XX W 116TH PL,BATTERY,DOMESTIC BATTERY SIMPLE,RESIDENCE,False,True,524,5.0,34.0,53.0,41.682355937,-87.646182071
11572107,JC122476,2019-01-18 19:00:00,013XX S LAWNDALE AVE,BATTERY,AGGRAVATED: OTHER DANG WEAPON,ALLEY,False,False,1011,10.0,24.0,29.0,41.86393215,-87.717789436
11571125,JC121961,2019-01-18 18:32:00,063XX S PARNELL AVE,BATTERY,DOMESTIC BATTERY SIMPLE,APARTMENT,True,True,722,7.0,20.0,68.0,41.778737977,-87.638708765
11207738,JB121182,2018-01-18 21:30:00,063XX S PAULINA ST,BATTERY,DOMESTIC BATTERY SIMPLE,RESIDENCE,False,True,725,7.0,15.0,67.0,41.778491954,-87.666663186
11207788,JB121199,2018-01-18 21:30:00,013XX W 79TH ST,ASSAULT,AGGRAVATED: HANDGUN,ALLEY,False,False,612,6.0,17.0,71.0,41.750437558,-87.657835796
11207721,JB121193,2018-01-18 21:25:00,049XX S CALUMET AVE,BATTERY,AGGRAVATED: OTHER DANG WEAPON,APARTMENT,True,False,224,2.0,3.0,38.0,41.805077058,-87.618046039
11207723,JB121157,2018-01-18 21:14:00,040XX W GLADYS AVE,BATTERY,AGGRAVATED: HANDGUN,RESIDENCE,True,False,1132,11.0,28.0,26.0,41.87616575,-87.726502905
11207645,JB121148,2018-01-18 20:55:00,056XX S MARSHFIELD AVE,BATTERY,DOMESTIC BATTERY SIMPLE,RESIDENCE,False,True,715,7.0,15.0,67.0,41.791532925,-87.665735995
11207693,JB121146,2018-01-18 20:30:00,101XX S WINSTON AVE,BATTERY,AGGRAVATED - HANDGUN,STREET,False,False,2213,22.0,34.0,73.0,41.710166594,-87.655822068
11207661,JB121109,2018-01-18 20:25:00,049XX S CALUMET AVE,BATTERY,SIMPLE,APARTMENT,False,False,224,2.0,3.0,38.0,41.805096267,-87.618045825
11207681,JB121142,2018-01-18 20:15:00,106XX S EGGLESTON AVE,BATTERY,DOMESTIC BATTERY SIMPLE,RESIDENCE,True,True,2233,22.0,34.0,49.0,41.700698114,-87.634195635
11208981,JB121398,2018-01-18 20:00:00,064XX S LOWE AVE,ASSAULT,SIMPLE,APARTMENT,False,True,723,7.0,16.0,68.0,41.777309867,-87.640802922
11208149,JB121665,2018-01-18 19:55:00,043XX S INDIANA AVE,ASSAULT,SIMPLE,APARTMENT,True,False,215,2.0,3.0,38.0,41.815630302,-87.621380589
11207730,JB121099,2018-01-18 19:50:00,124XX S UNION AVE,ASSAULT,AGGRAVATED: HANDGUN,ALLEY,False,False,523,5.0,34.0,53.0,41.668103653,-87.639178322
11207658,JB121090,2018-01-18 19:50:00,038XX W FLOURNOY ST,ASSAULT,AGGRAVATED: HANDGUN,RESIDENCE,True,True,1133,11.0,24.0,26.0,41.872590005,-87.721333979
11207637,JB121102,2018-01-18 19:34:00,028XX S ASHLAND AVE,ASSAULT,AGGRAVATED: HANDGUN,STREET,False,False,912,9.0,11.0,31.0,41.840351308,-87.665815978
11207914,JB121481,2018-01-18 19:20:00,001XX S CAMPBELL AVE,ASSAULT,AGGRAVATED: HANDGUN,OTHER,False,False,1125,11.0,2.0,28.0,41.879000971,-87.688801046
11207704,JB121023,2018-01-18 19:00:00,048XX N SHERIDAN RD,BATTERY,SIMPLE,RESIDENCE,False,False,2024,20.0,48.0,3.0,41.969762615,-87.654835892
11213451,JB126610,2018-01-18 18:59:00,049XX W BELLE PLAINE AVE,BATTERY,DOMESTIC BATTERY SIMPLE,APARTMENT,False,True,1624,16.0,45.0,15.0,41.95519154,-87.751444529
11207994,JB121510,2018-01-18 18:30:00,051XX W NORTH AVE,BATTERY,DOMESTIC BATTERY SIMPLE,RESIDENCE,False,True,2533,25.0,37.0,25.0,41.909526576,-87.753949818
11208420,JB121937,2018-01-18 18:30:00,023XX W MADISON ST,ASSAULT,AGGRAVATED: HANDGUN,PARKING LOT/GARAGE(NON.RESID.),False,False,1223,12.0,2.0,28.0,41.881183104,-87.68498211
10831028,JA121047,2017-01-18 21:25:00,117XX S HALE AVE,ASSAULT,SIMPLE,RESIDENCE,False,True,2212,22.0,19.0,75.0,41.680215474,-87.672884042
10820597,JA121123,2017-01-18 21:00:00,076XX S CICERO AVE,BATTERY,PRO EMP HANDS NO/MIN INJURY,DEPARTMENT STORE,True,False,833,8.0,13.0,65.0,41.754592961,-87.741528537
10821307,JA121074,2017-01-18 20:47:00,031XX W MARQUETTE RD,BATTERY,AGG: HANDS/FIST/FEET NO/MINOR INJURY,RESIDENCE,False,True,831,8.0,15.0,66.0,41.77168615,-87.702138938
10820507,JA121098,2017-01-18 20:30:00,010XX W 32ND PL,ASSAULT,SIMPLE,STREET,False,False,913,9.0,11.0,60.0,41.835265504,-87.651682443
10821526,JA121070,2017-01-18 20:30:00,115XX S PEORIA ST,BATTERY,DOMESTIC BATTERY SIMPLE,RESIDENCE,False,True,524,5.0,34.0,53.0,41.683747919,-87.645365523
10820511,JA121067,2017-01-18 20:30:00,0000X E 87TH ST,ASSAULT,AGGRAVATED: HANDGUN,RESTAURANT,False,False,632,6.0,6.0,44.0,41.736342753,-87.623238875
10820524,JA121052,2017-01-18 20:21:00,001XX E 36TH ST,BATTERY,SIMPLE,PARKING LOT/GARAGE(NON.RESID.),False,False,212,2.0,3.0,35.0,41.829614746,-87.622652971
10820669,JA121082,2017-01-18 20:15:00,017XX N MILWAUKEE AVE,BATTERY,DOMESTIC BATTERY SIMPLE,STREET,False,True,1434,14.0,1.0,24.0,41.91368047,-87.682573826
10820509,JA121033,2017-01-18 20:07:00,017XX E 95TH ST,ASSAULT,SIMPLE,RESTAURANT,True,False,431,4.0,7.0,51.0,41.722392879,-87.581314566
10821357,JA121981,2017-01-18 20:00:00,007XX E 84TH PL,ASSAULT,SIMPLE,APARTMENT,False,False,632,6.0,6.0,44.0,41.740902738,-87.605959836
10831396,JA124467,2017-01-18 20:00:00,043XX W FLOURNOY ST,BATTERY,SIMPLE,RESIDENCE,False,False,1131,11.0,24.0,26.0,41.872458041,-87.733774815
10820523,JA120991,2017-01-18 19:43:00,026XX W MADISON ST,BATTERY,DOMESTIC BATTERY SIMPLE,SIDEWALK,True,True,1125,11.0,2.0,27.0,41.881099291,-87.693032309
10821077,JA121485,2017-01-18 19:30:00,090XX S BURLEY AVE,ASSAULT,AGGRAVATED: HANDGUN,APARTMENT,False,True,424,4.0,10.0,46.0,41.73113903,-87.545683127
10820367,JA120967,2017-01-18 19:20:00,039XX W 71ST ST,ASSAULT,AGGRAVATED: HANDGUN,PARKING LOT/GARAGE(NON.RESID.),False,False,833,8.0,13.0,65.0,41.764120804,-87.720514798
10820576,JA121024,2017-01-18 19:16:00,021XX E 71ST ST,ASSAULT,AGG PO HANDS NO/MIN INJURY,SIDEWALK,True,False,331,3.0,5.0,43.0,41.766264384,-87.57355192
10821929,JA122587,2017-01-18 19:15:00,079XX S LANGLEY AVE,ASSAULT,SIMPLE,RESIDENCE PORCH/HALLWAY,False,False,624,6.0,6.0,44.0,41.750694096,-87.607645011
10820454,JA120982,2017-01-18 19:10:00,052XX N ROCKWELL ST,BATTERY,SIMPLE,RESIDENCE PORCH/HALLWAY,False,False,2011,20.0,40.0,4.0,41.97608263,-87.694063972
10820526,JA121045,2017-01-18 19:00:00,052XX S MEADE AVE,BATTERY,DOMESTIC BATTERY SIMPLE,APARTMENT,False,True,811,8.0,23.0,56.0,41.797103279,-87.774635226
10825562,JA126449,2017-01-18 19:00:00,017XX W PRYOR AVE,BATTERY,SIMPLE,"SCHOOL, PUBLIC, BUILDING",False,False,2212,22.0,19.0,75.0,41.692041778,-87.665923635
10820503,JA120938,2017-01-18 18:48:00,079XX S LAFLIN ST,BATTERY,AGGRAVATED - HANDGUN,SIDEWALK,False,False,612,6.0,21.0,71.0,41.749377532,-87.660987496
10821442,JA120923,2017-01-18 18:40:00,127XX S PARNELL AVE,BATTERY,DOMESTIC BATTERY SIMPLE,RESIDENCE,False,True,523,5.0,9.0,53.0,41.662130942,-87.635385175
10820471,JA120956,2017-01-18 18:30:00,079XX S COLES AVE,BATTERY,DOMESTIC BATTERY SIMPLE,RESIDENCE,False,True,422,4.0,7.0,46.0,41.750716568,-87.549247791
10383572,HZ120249,2016-01-18 21:30:00,105XX S EDBROOKE AVE,ASSAULT,SIMPLE,APARTMENT,False,False,512,5.0,9.0,49.0,41.702546346,-87.619674229
10383571,HZ120252,2016-01-18 21:30:00,035XX W DOUGLAS BLVD,BATTERY,DOMESTIC BATTERY SIMPLE,APARTMENT,True,True,1021,10.0,24.0,29.0,41.862417005,-87.713648303
10383559,HZ120209,2016-01-18 21:17:00,0000X E GARFIELD BLVD,ASSAULT,SIMPLE,GAS STATION,False,False,225,2.0,3.0,40.0,41.794672085,-87.623570871
10383511,HZ120214,2016-01-18 21:16:00,018XX N LUNA AVE,ASSAULT,AGGRAVATED: HANDGUN,STREET,False,False,2532,25.0,37.0,25.0,41.91391739,-87.764384783
10383534,HZ120215,2016-01-18 21:15:00,089XX S THROOP ST,BATTERY,DOMESTIC BATTERY SIMPLE,RESIDENCE,False,True,2222,22.0,21.0,73.0,41.731423039,-87.655642711
10383564,HZ120261,2016-01-18 21:00:00,053XX W GLADYS AVE,ASSAULT,SIMPLE,RESIDENCE,False,True,1522,15.0,29.0,25.0,41.875709521,-87.758371492
10383500,HZ120205,2016-01-18 21:00:00,063XX S CALIFORNIA AVE,ASSAULT,SIMPLE,OTHER,True,True,825,8.0,15.0,66.0,41.778232169,-87.693367349
10383588,HZ120204,2016-01-18 20:56:00,057XX S EMERALD AVE,BATTERY,AGGRAVATED DOMESTIC BATTERY: OTHER DANG WEAPON,APARTMENT,True,True,711,7.0,20.0,68.0,41.789732197,-87.643819122
10383513,HZ120220,2016-01-18 20:30:00,012XX W 79TH ST,ASSAULT,SIMPLE,SIDEWALK,False,False,612,6.0,21.0,71.0,41.750488841,-87.654430759
10383583,HZ120182,2016-01-18 20:28:00,004XX E 75TH ST,BATTERY,AGGRAVATED: HANDGUN,STREET,False,False,624,6.0,6.0,69.0,41.758414395,-87.614723387
10383553,HZ120175,2016-01-18 20:20:00,027XX W 60TH ST,ASSAULT,AGGRAVATED: HANDGUN,STREET,False,False,825,8.0,15.0,66.0,41.784610098,-87.691925272
10383485,HZ120168,2016-01-18 20:16:00,051XX N CLARK ST,BATTERY,SIMPLE,SIDEWALK,True,False,2032,20.0,48.0,3.0,41.975626495,-87.668354932
10383455,HZ120170,2016-01-18 20:10:00,032XX W 109TH ST,ASSAULT,SIMPLE,STREET,False,False,2211,22.0,19.0,74.0,41.695194026,-87.702678679
10383499,HZ120172,2016-01-18 20:04:00,105XX S CORLISS AVE,ASSAULT,SIMPLE,APARTMENT,False,True,512,5.0,9.0,50.0,41.702652946,-87.603871646
10383555,HZ120184,2016-01-18 19:50:00,016XX W ADAMS ST,BATTERY,DOMESTIC BATTERY SIMPLE,RESIDENCE,False,True,1224,12.0,2.0,28.0,41.878878154,-87.667750581
10383475,HZ120164,2016-01-18 19:45:00,058XX N SHERIDAN RD,BATTERY,SIMPLE,NURSING HOME/RETIREMENT HOME,False,False,2022,20.0,48.0,77.0,41.988179091,-87.655328202
10384491,HZ120154,2016-01-18 19:40:00,028XX N LAKE SHORE DR,BATTERY,AGG: HANDS/FIST/FEET NO/MINOR INJURY,CTA BUS,False,False,1934,19.0,44.0,6.0,41.932930738,-87.636207661
10385360,HZ121757,2016-01-18 19:30:00,028XX S ST LOUIS AVE,BATTERY,AGGRAVATED: OTHER DANG WEAPON,RESIDENTIAL YARD (FRONT/BACK),False,False,1032,10.0,22.0,30.0,41.840145169,-87.712233837
10383450,HZ120153,2016-01-18 19:30:00,068XX S MERRILL AVE,BATTERY,AGGRAVATED DOMESTIC BATTERY: OTHER DANG WEAPON,APARTMENT,False,True,331,3.0,5.0,43.0,41.770671937,-87.572755746
10383561,HZ120271,2016-01-18 19:30:00,051XX S CALUMET AVE,BATTERY,DOMESTIC BATTERY SIMPLE,APARTMENT,False,True,231,2.0,3.0,40.0,41.801513039,-87.617733588
10385001,HZ120989,2016-01-18 19:30:00,109XX S WABASH AVE,BATTERY,DOMESTIC BATTERY SIMPLE,RESIDENCE,False,True,513,5.0,9.0,49.0,41.695691747,-87.622005542
10383452,HZ120142,2016-01-18 19:15:00,0000X E MARQUETTE RD,BATTERY,SIMPLE,GAS STATION,False,False,322,3.0,20.0,69.0,41.772733752,-87.624824586
10383530,HZ120123,2016-01-18 19:09:00,110XX S STATE ST,BATTERY,SIMPLE,STREET,False,False,513,5.0,9.0,49.0,41.694104375,-87.623150771
10384703,HZ121214,2016-01-18 19:00:00,001XX S AUSTIN BLVD,ASSAULT,SIMPLE,RESIDENCE,False,True,1513,15.0,29.0,25.0,41.878476241,-87.774598987
10383554,HZ120156,2016-01-18 19:00:00,071XX S SPRINGFIELD AVE,BATTERY,DOMESTIC BATTERY SIMPLE,RESIDENCE,False,True,833,8.0,13.0,65.0,41.763505667,-87.719923184
10384865,HZ121269,2016-01-18 19:00:00,038XX N SPRINGFIELD AVE,BATTERY,DOMESTIC BATTERY SIMPLE,RESIDENCE,False,True,1732,17.0,39.0,16.0,41.951413435,-87.725102253
10383522,HZ120116,2016-01-18 18:41:00,075XX S PRAIRIE AVE,ASSAULT,AGGRAVATED:KNIFE/CUTTING INSTR,APARTMENT,False,True,623,6.0,6.0,69.0,41.757857682,-87.618303078
10383481,HZ120109,2016-01-18 18:37:00,096XX S VAN VLISSINGEN RD,BATTERY,AGGRAVATED - KNIFE / CUTTING INSTRUMENT,SIDEWALK,False,False,431,4.0,7.0,51.0,41.719773001,-87.578110736
10383487,HZ120103,2016-01-18 18:30:00,096XX S BRENNAN AVE,BATTERY,DOMESTIC BATTERY SIMPLE,SIDEWALK,True,True,431,4.0,7.0,51.0,41.720182784,-87.567875285
10384687,HZ120887,2016-01-18 18:30:00,018XX S HOMAN AVE,BATTERY,SIMPLE,SIDEWALK,False,False,1021,10.0,24.0,29.0,41.856888295,-87.710276855
9931054,HY120188,2015-01-18 21:30:00,018XX S WOOD ST,BATTERY,AGGRAVATED: OTHER DANG WEAPON,STREET,False,False,1234,12.0,25.0,31.0,41.856586574,-87.671068866
9931607,HY120163,2015-01-18 21:22:00,071XX S SANGAMON ST,BATTERY,SIMPLE,RESIDENCE,False,False,733,7.0,17.0,68.0,41.764433085,-87.648034125
9931648,HY120180,2015-01-18 21:10:00,070XX S SANGAMON ST,BATTERY,AGG: HANDS/FIST/FEET SERIOUS INJURY,RESIDENCE,False,False,733,7.0,17.0,68.0,41.766439499,-87.648089751
9931192,HY120174,2015-01-18 21:02:00,009XX N AVERS AVE,ASSAULT,SIMPLE,SIDEWALK,False,True,1112,11.0,27.0,23.0,41.897867933,-87.722492145
9931208,HY120251,2015-01-18 21:00:00,008XX N WASHTENAW AVE,ASSAULT,SIMPLE,APARTMENT,False,True,1211,12.0,26.0,24.0,41.896144516,-87.694248407
9931026,HY120135,2015-01-18 20:55:00,063XX W GEORGE ST,BATTERY,SIMPLE,RESIDENCE,False,False,2511,25.0,29.0,19.0,41.932843108,-87.784999438
9931245,HY120384,2015-01-18 20:45:00,023XX W THOMAS ST,BATTERY,DOMESTIC BATTERY SIMPLE,APARTMENT,False,True,1212,12.0,1.0,24.0,41.901219813,-87.685646353
9930985,HY120127,2015-01-18 20:30:00,072XX S JEFFERY BLVD,BATTERY,DOMESTIC BATTERY SIMPLE,APARTMENT,False,True,333,3.0,5.0,43.0,41.763123417,-87.576235399
9931008,HY120133,2015-01-18 20:24:00,042XX W JACKSON BLVD,BATTERY,SIMPLE,RESIDENCE,True,False,1132,11.0,28.0,26.0,41.877010678,-87.731661301
9931051,HY120146,2015-01-18 20:14:00,063XX S DR MARTIN LUTHER KING JR DR,ASSAULT,AGG PO HANDS NO/MIN INJURY,SIDEWALK,True,False,312,3.0,20.0,42.0,41.77930673,-87.615604746
9931467,HY120110,2015-01-18 20:05:00,077XX S LAFLIN ST,BATTERY,DOMESTIC BATTERY SIMPLE,APARTMENT,False,True,612,6.0,17.0,71.0,41.753488378,-87.661904791
9934485,HY123535,2015-01-18 20:00:00,038XX S DR MARTIN LUTHER KING JR DR,BATTERY,DOMESTIC BATTERY SIMPLE,RESIDENCE,False,True,212,2.0,3.0,35.0,41.825046228,-87.617020311
9930990,HY120087,2015-01-18 19:45:00,053XX N NORTHWEST HWY,BATTERY,DOMESTIC BATTERY SIMPLE,RESIDENCE,False,True,1622,16.0,45.0,11.0,41.97742529,-87.772429305
9931059,HY120090,2015-01-18 19:40:00,047XX W LAKE ST,BATTERY,SIMPLE,CTA PLATFORM,True,False,1113,11.0,28.0,25.0,41.886530554,-87.74438154
9931031,HY120071,2015-01-18 19:35:00,014XX E 66TH PL,BATTERY,AGGRAVATED: HANDGUN,RESIDENTIAL YARD (FRONT/BACK),False,False,321,3.0,5.0,42.0,41.774215543,-87.590057899
9931186,HY120089,2015-01-18 19:30:00,130XX S DR MARTIN LUTHER KING JR DR,BATTERY,DOMESTIC BATTERY SIMPLE,APARTMENT,False,True,533,5.0,9.0,54.0,41.658114918,-87.613852437
9931596,HY120910,2015-01-18 19:00:00,022XX E 70TH ST,ASSAULT,SIMPLE,STREET,False,True,331,3.0,5.0,43.0,41.768033125,-87.570866099
9930902,HY120010,2015-01-18 18:40:00,049XX N LINCOLN AVE,BATTERY,SIMPLE,SIDEWALK,False,False,2031,20.0,47.0,4.0,41.971077131,-87.690120462
9930903,HY120048,2015-01-18 18:37:00,073XX S ALBANY AVE,ASSAULT,AGGRAVATED: HANDGUN,SIDEWALK,True,False,835,8.0,18.0,66.0,41.759943803,-87.700238143
9930918,HY120041,2015-01-18 18:30:00,081XX S PEORIA ST,BATTERY,DOMESTIC BATTERY SIMPLE,APARTMENT,False,True,613,6.0,21.0,71.0,41.746247451,-87.646340364
9930932,HY120057,2015-01-18 18:30:00,011XX W 87TH ST,ASSAULT,SIMPLE,SIDEWALK,False,False,2222,22.0,21.0,71.0,41.735948843,-87.652466194
9466868,HX119732,2014-01-18 21:00:00,014XX E 67TH PL,ASSAULT,AGGRAVATED: OTHER DANG WEAPON,APARTMENT,False,True,332,3.0,5.0,43.0,41.772383916,-87.590299001
9466827,HX119693,2014-01-18 21:00:00,005XX N TRUMBULL AVE,BATTERY,DOMESTIC BATTERY SIMPLE,APARTMENT,False,True,1121,11.0,27.0,23.0,41.890898952,-87.712517349
9467089,HX120001,2014-01-18 21:00:00,049XX W QUINCY ST,ASSAULT,SIMPLE,APARTMENT,False,True,1533,15.0,28.0,25.0,41.877653374,-87.748230483
9468483,HX121745,2014-01-18 21:00:00,076XX N SHERIDAN RD,BATTERY,DOMESTIC BATTERY SIMPLE,APARTMENT,False,True,2422,24.0,49.0,1.0,42.020625602,-87.666443648
9469873,HX123031,2014-01-18 21:00:00,002XX S WESTERN AVE,BATTERY,SIMPLE,RESTAURANT,False,False,1225,12.0,2.0,28.0,41.878021217,-87.686350669
9466841,HX119637,2014-01-18 20:45:00,043XX W WALTON ST,BATTERY,DOMESTIC BATTERY SIMPLE,RESIDENCE,True,True,1111,11.0,37.0,23.0,41.897965794,-87.734296616
9466966,HX119647,2014-01-18 20:35:00,064XX S KOMENSKY AVE,BATTERY,DOMESTIC BATTERY SIMPLE,SIDEWALK,False,True,813,8.0,13.0,65.0,41.775917388,-87.723907346
9466967,HX119643,2014-01-18 20:30:00,034XX W 62ND PL,BATTERY,DOMESTIC BATTERY SIMPLE,APARTMENT,False,True,823,8.0,15.0,66.0,41.779809149,-87.708644079
9466761,HX119634,2014-01-18 20:30:00,083XX S DREXEL AVE,ASSAULT,SIMPLE,APARTMENT,True,False,632,6.0,8.0,44.0,41.743186494,-87.602577587
9466737,HX119613,2014-01-18 20:15:00,130XX S ELLIS AVE,BATTERY,DOMESTIC BATTERY SIMPLE,CHA APARTMENT,False,True,533,5.0,9.0,54.0,41.65799551,-87.59759122
9467259,HX119601,2014-01-18 20:15:00,046XX N MAGNOLIA AVE,BATTERY,SIMPLE,RESIDENCE PORCH/HALLWAY,False,False,1913,19.0,46.0,3.0,41.966047906,-87.661060061
9466801,HX119668,2014-01-18 20:02:00,0000X E 100TH PL,BATTERY,AGG PO HANDS NO/MIN INJURY,RESIDENTIAL YARD (FRONT/BACK),True,False,511,5.0,9.0,49.0,41.711741124,-87.622095986
9466751,HX119617,2014-01-18 20:01:00,017XX E 73RD ST,BATTERY,DOMESTIC BATTERY SIMPLE,APARTMENT,False,True,324,3.0,8.0,43.0,41.762443628,-87.583049974
9466979,HX119604,2014-01-18 20:00:00,070XX S BISHOP ST,BATTERY,DOMESTIC BATTERY SIMPLE,STREET,False,True,734,7.0,17.0,67.0,41.766316323,-87.660213178
9466778,HX119607,2014-01-18 19:45:00,035XX W 38TH PL,BATTERY,AGGRAVATED DOMESTIC BATTERY: KNIFE/CUTTING INST,APARTMENT,True,True,911,9.0,12.0,58.0,41.823384138,-87.712414195
9466718,HX119592,2014-01-18 19:35:00,005XX S STATE ST,ASSAULT,SIMPLE,RESTAURANT,True,False,123,1.0,2.0,32.0,41.875367424,-87.627620993
9466735,HX119590,2014-01-18 19:30:00,005XX N CENTRAL AVE,ASSAULT,SIMPLE,RESIDENCE PORCH/HALLWAY,False,False,1523,15.0,37.0,25.0,41.889741913,-87.765198001
9466753,HX119565,2014-01-18 19:00:00,001XX W CHESTNUT ST,BATTERY,DOMESTIC BATTERY SIMPLE,APARTMENT,False,True,1832,18.0,42.0,8.0,41.897966193,-87.631644061
9466703,HX119572,2014-01-18 19:00:00,105XX S ABERDEEN ST,BATTERY,DOMESTIC BATTERY SIMPLE,RESIDENCE,False,True,2232,22.0,34.0,73.0,41.702474751,-87.649421143
9466698,HX119508,2014-01-18 18:55:00,070XX S ADA ST,BATTERY,AGGRAVATED: OTHER DANG WEAPON,STREET,True,False,734,7.0,17.0,67.0,41.765937069,-87.657783202
9466705,HX119554,2014-01-18 18:55:00,052XX N DELPHIA AVE,BATTERY,DOMESTIC BATTERY SIMPLE,APARTMENT,True,True,1614,16.0,41.0,76.0,41.974325685,-87.841556892
8975619,HW122874,2013-01-18 21:30:00,022XX N PARKSIDE AVE,BATTERY,DOMESTIC BATTERY SIMPLE,RESIDENCE,False,True,2515,25.0,37.0,19.0,41.920824277,-87.767090279
20777,HW122808,2013-01-18 21:15:00,055XX W NORTH AVE,HOMICIDE,FIRST DEGREE MURDER,RESTAURANT,False,False,2532,25.0,37.0,25.0,41.909407737,-87.76310227
8975702,HW122909,2013-01-18 21:00:00,051XX S LAFLIN ST,BATTERY,SIMPLE,STREET,False,False,934,9.0,16.0,61.0,41.801238916,-87.662345434
8978879,HW126581,2013-01-18 21:00:00,076XX S DREXEL AVE,BATTERY,DOMESTIC BATTERY SIMPLE,STREET,False,True,624,6.0,6.0,69.0,41.756330877,-87.602879293
8975571,HW122789,2013-01-18 20:45:00,048XX W CHICAGO AVE,BATTERY,DOMESTIC BATTERY SIMPLE,SIDEWALK,False,True,1531,15.0,28.0,25.0,41.89499875,-87.746419366
8975622,HW122799,2013-01-18 20:30:00,066XX S BELL AVE,ASSAULT,SIMPLE,RESIDENCE,False,True,832,8.0,15.0,66.0,41.773188044,-87.679699369
8975538,HW122802,2013-01-18 20:30:00,013XX W 15TH ST,BATTERY,DOMESTIC BATTERY SIMPLE,CHA APARTMENT,False,True,1233,12.0,2.0,28.0,41.861553084,-87.660110993
8976495,HW122771,2013-01-18 20:30:00,073XX S EXCHANGE AVE,BATTERY,SIMPLE,OTHER,False,False,334,3.0,7.0,43.0,41.762161498,-87.562813204
8975931,HW122749,2013-01-18 20:25:00,014XX S KENNETH AVE,ASSAULT,AGGRAVATED: HANDGUN,ALLEY,False,True,1011,10.0,24.0,29.0,41.861775522,-87.73604788
8975579,HW122754,2013-01-18 20:19:00,079XX S WOLCOTT AVE,BATTERY,DOMESTIC BATTERY SIMPLE,RESIDENTIAL YARD (FRONT/BACK),False,True,611,6.0,18.0,71.0,41.749362535,-87.670687926
8975650,HW122907,2013-01-18 20:18:00,079XX S WOLCOTT AVE,BATTERY,SIMPLE,SIDEWALK,True,True,611,6.0,18.0,71.0,41.749362535,-87.670687926
8975598,HW122820,2013-01-18 20:10:00,006XX E 51ST ST,BATTERY,SIMPLE,RESIDENCE PORCH/HALLWAY,False,False,223,2.0,4.0,38.0,41.802178985,-87.610574294
8975535,HW122736,2013-01-18 20:10:00,018XX S WOOD ST,BATTERY,SIMPLE,SIDEWALK,False,False,1234,12.0,25.0,31.0,41.857075128,-87.671082179
8975786,HW122861,2013-01-18 20:00:00,052XX W ADDISON ST,BATTERY,SIMPLE,STREET,False,False,1634,16.0,38.0,15.0,41.945991454,-87.75768529
8975636,HW122752,2013-01-18 20:00:00,069XX N ASHLAND BLVD,BATTERY,DOMESTIC BATTERY SIMPLE,APARTMENT,False,True,2431,24.0,49.0,1.0,42.008308654,-87.670049398
8975610,HW122857,2013-01-18 20:00:00,005XX N STATE ST,ASSAULT,SIMPLE,RESIDENCE PORCH/HALLWAY,False,False,1831,18.0,42.0,8.0,41.891948167,-87.628073894
8975678,HW122777,2013-01-18 19:45:00,073XX S RACINE AVE,ASSAULT,AGG PO HANDS NO/MIN INJURY,GROCERY FOOD STORE,True,False,733,7.0,17.0,68.0,41.760107711,-87.653981184
8975569,HW122787,2013-01-18 19:45:00,048XX W QUINCY ST,BATTERY,AGG: HANDS/FIST/FEET NO/MINOR INJURY,ALLEY,False,False,1533,15.0,28.0,25.0,41.877680546,-87.74602706
8975679,HW122706,2013-01-18 19:34:00,073XX S RACINE AVE,BATTERY,AGGRAVATED: HANDGUN,SIDEWALK,True,False,733,7.0,17.0,68.0,41.760107711,-87.653981184
8975556,HW122704,2013-01-18 19:22:00,041XX N LINCOLN AVE,BATTERY,SIMPLE,SIDEWALK,False,False,1911,19.0,47.0,5.0,41.956279511,-87.680247246
9076426,HW220976,2013-01-18 19:20:00,113XX S RIDGEWAY AVE,BATTERY,DOMESTIC BATTERY SIMPLE,RESIDENCE,False,True,2211,22.0,19.0,74.0,41.687086775,-87.713689895
8982581,HW122675,2013-01-18 19:09:00,116XX S THROOP ST,BATTERY,DOMESTIC BATTERY SIMPLE,RESIDENCE,False,True,524,5.0,34.0,53.0,41.682590409,-87.654233416
8975504,HW122655,2013-01-18 19:08:00,059XX W THOMAS ST,BATTERY,DOMESTIC BATTERY SIMPLE,STREET,False,True,1511,15.0,29.0,25.0,41.900209266,-87.773182703
8975566,HW122694,2013-01-18 19:00:00,040XX W MELROSE ST,BATTERY,SIMPLE,STREET,True,False,1731,17.0,31.0,16.0,41.939991512,-87.728125505
8975609,HW122660,2013-01-18 18:47:00,054XX S FAIRFIELD AVE,BATTERY,AGGRAVATED DOMESTIC BATTERY: OTHER DANG WEAPON,RESIDENCE,False,True,923,9.0,14.0,63.0,41.794970891,-87.692614101
8975943,HW122858,2013-01-18 18:45:00,029XX W POLK ST,ASSAULT,AGGRAVATED:KNIFE/CUTTING INSTR,APARTMENT,False,True,1135,11.0,2.0,27.0,41.871025272,-87.699484679
8975638,HW122663,2013-01-18 18:45:00,084XX S PAULINA ST,BATTERY,AGGRAVATED: HANDGUN,STREET,False,False,614,6.0,18.0,71.0,41.74037299,-87.665613948
8975551,HW122631,2013-01-18 18:45:00,066XX S PERRY AVE,BATTERY,DOMESTIC BATTERY SIMPLE,APARTMENT,False,True,722,7.0,6.0,69.0,41.773749128,-87.628391441
8976711,HW124055,2013-01-18 18:30:00,040XX W DIVISION ST,ASSAULT,SIMPLE,SIDEWALK,False,False,1111,11.0,27.0,23.0,41.902664731,-87.726608375
8975545,HW122711,2013-01-18 18:30:00,082XX S PEORIA ST,ASSAULT,SIMPLE,APARTMENT,True,True,613,6.0,21.0,71.0,41.744553927,-87.64629246
8445572,HV123430,2012-01-18 21:30:00,054XX W DIVISION ST,BATTERY,AGGRAVATED OF A SENIOR CITIZEN,CHURCH/SYNAGOGUE/PLACE OF WORSHIP,True,False,2532,25.0,37.0,25.0,41.902180657,-87.762248237
8445502,HV123402,2012-01-18 21:15:00,134XX S BURLEY AVE,BATTERY,DOMESTIC BATTERY SIMPLE,SIDEWALK,True,True,433,4.0,10.0,55.0,41.651039374,-87.544735027
8488522,HV123348,2012-01-18 21:08:00,068XX S DR MARTIN LUTHER KING JR DR,BATTERY,SIMPLE,STREET,False,False,322,3.0,20.0,69.0,41.771132967,-87.615402602
8448356,HV124020,2012-01-18 21:00:00,080XX S HERMITAGE AVE,BATTERY,DOMESTIC BATTERY SIMPLE,APARTMENT,False,True,611,6.0,21.0,71.0,41.748032301,-87.667022394
8445494,HV123376,2012-01-18 20:58:00,004XX W 118TH ST,ASSAULT,AGG PO HANDS NO/MIN INJURY,RESIDENCE PORCH/HALLWAY,True,False,522,5.0,34.0,53.0,41.679716398,-87.633983506
8445555,HV123361,2012-01-18 20:55:00,065XX N FRANCISCO AVE,BATTERY,DOMESTIC BATTERY SIMPLE,APARTMENT,False,True,2412,24.0,50.0,2.0,41.999927791,-87.702150876
8445518,HV123353,2012-01-18 20:50:00,017XX N HARDING AVE,BATTERY,DOMESTIC BATTERY SIMPLE,VEHICLE NON-COMMERCIAL,False,True,2535,25.0,30.0,23.0,41.912141281,-87.725185
8452173,HV124632,2012-01-18 20:45:00,005XX W OHARE ST,BATTERY,SIMPLE,AIRPORT/AIRCRAFT,False,False,1654,16.0,41.0,76.0,41.980435794,-87.886920464
8445459,HV123331,2012-01-18 20:45:00,009XX N DRAKE AVE,BATTERY,DOMESTIC BATTERY SIMPLE,APARTMENT,False,True,1121,11.0,27.0,23.0,41.898067557,-87.715180726
8445456,HV123367,2012-01-18 20:30:00,043XX W GLADYS AVE,BATTERY,SIMPLE,APARTMENT,False,False,1131,11.0,28.0,26.0,41.876078916,-87.733480271
8445457,HV123358,2012-01-18 20:30:00,0000X E 102ND ST,BATTERY,DOMESTIC BATTERY SIMPLE,SIDEWALK,True,True,511,5.0,9.0,49.0,41.709005266,-87.622133468
8445413,HV123313,2012-01-18 20:19:00,070XX S ELIZABETH ST,ASSAULT,SIMPLE,APARTMENT,False,False,734,7.0,17.0,67.0,41.765955683,-87.655352732
8446726,HV123341,2012-01-18 20:15:00,004XX N STATE ST,BATTERY,SIMPLE,SIDEWALK,False,False,1834,18.0,42.0,8.0,41.890433044,-87.628024453
8445455,HV123343,2012-01-18 20:14:00,028XX W 59TH ST,ASSAULT,AGGRAVATED: OTHER DANG WEAPON,GAS STATION,True,False,824,8.0,16.0,63.0,41.786397716,-87.694089164
8445537,HV123447,2012-01-18 20:10:00,012XX W OHIO ST,ASSAULT,SIMPLE,APARTMENT,True,True,1324,12.0,27.0,24.0,41.892534381,-87.658496599
8445403,HV123303,2012-01-18 20:05:00,028XX W ADDISON ST,BATTERY,DOMESTIC BATTERY SIMPLE,RESIDENCE,True,True,1733,17.0,33.0,16.0,41.946673633,-87.6996328
8445462,HV123316,2012-01-18 20:00:00,004XX N HOMAN AVE,BATTERY,SIMPLE,SIDEWALK,False,False,1123,11.0,27.0,23.0,41.888713082,-87.711234745
8445571,HV123314,2012-01-18 19:55:00,019XX W ROSCOE ST,BATTERY,DOMESTIC BATTERY SIMPLE,APARTMENT,False,True,1924,19.0,32.0,5.0,41.94323222,-87.677131084
8445487,HV123230,2012-01-18 19:30:00,008XX N ASHLAND AVE,ASSAULT,SIMPLE,ATHLETIC CLUB,False,False,1322,12.0,1.0,24.0,41.897130366,-87.667322342
8445398,HV123233,2012-01-18 19:20:00,019XX W 35TH ST,BATTERY,AGGRAVATED: OTHER DANG WEAPON,SIDEWALK,False,False,922,9.0,11.0,59.0,41.830407799,-87.67371278
8445334,HV123216,2012-01-18 19:10:00,001XX N SANGAMON ST,BATTERY,DOMESTIC BATTERY SIMPLE,STREET,False,True,1212,12.0,27.0,28.0,41.883691561,-87.650918236
8446730,HV124312,2012-01-18 19:00:00,028XX W LEXINGTON ST,BATTERY,SIMPLE,STREET,False,False,1135,11.0,2.0,27.0,41.871964663,-87.696662932
8461058,HV138288,2012-01-18 19:00:00,033XX W PALMER ST,ASSAULT,SIMPLE,RESIDENCE PORCH/HALLWAY,False,False,1413,14.0,26.0,22.0,41.921015714,-87.710770425
8445339,HV123190,2012-01-18 18:45:00,026XX W 23RD ST,BATTERY,SIMPLE,STREET,False,False,1034,10.0,28.0,30.0,41.850128609,-87.691729967
8445388,HV123218,2012-01-18 18:45:00,078XX S ESSEX AVE,BATTERY,DOMESTIC BATTERY SIMPLE,APARTMENT,False,True,421,4.0,7.0,43.0,41.75303256,-87.563831274
8445431,HV123175,2012-01-18 18:30:00,026XX W 23RD PL,BATTERY,DOMESTIC BATTERY SIMPLE,APARTMENT,True,True,1034,10.0,28.0,30.0,41.84921736,-87.69170237
7896387,HT125458,2011-01-18 21:30:00,040XX S OAKENWALD AVE,ASSAULT,SIMPLE,APARTMENT,False,False,2123,2.0,4.0,36.0,41.82225114,-87.600696053
7895507,HT125407,2011-01-18 21:30:00,077XX S EMERALD AVE,BATTERY,DOMESTIC BATTERY SIMPLE,RESIDENCE,False,True,621,6.0,17.0,71.0,41.753367468,-87.642892778
7900951,HT130673,2011-01-18 21:30:00,028XX N SAWYER AVE,ASSAULT,SIMPLE,APARTMENT,False,False,1412,14.0,35.0,21.0,41.932845624,-87.708667158
7895825,HT125386,2011-01-18 21:29:00,030XX N PARKSIDE AVE,BATTERY,DOMESTIC BATTERY SIMPLE,RESIDENCE,True,True,2514,25.0,31.0,19.0,41.935684105,-87.767613052
7895414,HT125398,2011-01-18 21:24:00,057XX S STATE ST,BATTERY,AGGRAVATED DOMESTIC BATTERY: OTHER DANG WEAPON,STREET,True,True,233,2.0,20.0,40.0,41.789717304,-87.625576333
7895524,HT125374,2011-01-18 21:20:00,071XX S WOOD ST,BATTERY,SIMPLE,RESIDENCE,False,False,735,7.0,17.0,67.0,41.76393674,-87.668650277
7895508,HT125385,2011-01-18 21:00:00,008XX E 90TH ST,BATTERY,DOMESTIC BATTERY SIMPLE,APARTMENT,False,True,633,6.0,8.0,44.0,41.731190387,-87.603757691
7924858,HT156425,2011-01-18 21:00:00,065XX S LOWE AVE,BATTERY,DOMESTIC BATTERY SIMPLE,CHA APARTMENT,False,True,723,7.0,20.0,68.0,41.775374846,-87.640754083
7929965,HT152582,2011-01-18 21:00:00,052XX N SHERIDAN RD,BATTERY,AGGRAVATED: OTHER DANG WEAPON,APARTMENT,False,False,2023,20.0,48.0,77.0,41.977318446,-87.655013129
7895271,HT125307,2011-01-18 20:35:00,099XX S YALE AVE,BATTERY,AGGRAVATED:KNIFE/CUTTING INSTR,RESIDENCE,True,False,511,5.0,9.0,49.0,41.713434367,-87.629673518
7895218,HT125293,2011-01-18 20:30:00,049XX W QUINCY ST,BATTERY,DOMESTIC BATTERY SIMPLE,APARTMENT,True,True,1533,15.0,28.0,25.0,41.877652887,-87.748135016
7897182,HT125302,2011-01-18 20:30:00,049XX N TROY ST,BATTERY,SIMPLE,APARTMENT,False,False,1713,17.0,33.0,14.0,41.970867608,-87.707321313
7900890,HT130377,2011-01-18 20:20:00,054XX S EVERETT AVE,BATTERY,SIMPLE,STREET,False,False,2132,2.0,5.0,41.0,41.795690139,-87.582548648
7895213,HT125277,2011-01-18 20:18:00,024XX W 65TH ST,ASSAULT,AGGRAVATED: HANDGUN,STREET,False,False,832,8.0,15.0,66.0,41.775595229,-87.685104457
7895295,HT125339,2011-01-18 20:15:00,063XX S MAY ST,ASSAULT,SIMPLE,STREET,False,True,724,7.0,16.0,68.0,41.778764706,-87.653267359
7895257,HT125300,2011-01-18 20:15:00,047XX W DICKENS AVE,BATTERY,SIMPLE,RESIDENCE PORCH/HALLWAY,True,False,2522,25.0,31.0,19.0,41.918778566,-87.744470915
7897380,HT125338,2011-01-18 20:13:01,069XX S TALMAN AVE,ASSAULT,AGGRAVATED PO: OTHER DANG WEAP,OTHER,True,False,831,8.0,18.0,66.0,41.767501925,-87.689430775
7895298,HT125248,2011-01-18 20:00:00,061XX S WESTERN AVE,BATTERY,SIMPLE,OTHER,False,False,825,8.0,15.0,66.0,41.782448202,-87.683730159
7895535,HT125266,2011-01-18 20:00:00,024XX S SPAULDING AVE,BATTERY,SIMPLE,APARTMENT,False,False,1024,10.0,22.0,30.0,41.847120382,-87.707552924
7895243,HT125284,2011-01-18 20:00:00,087XX S KIMBARK AVE,BATTERY,DOMESTIC BATTERY SIMPLE,RESIDENCE,False,True,412,4.0,8.0,48.0,41.735572651,-87.592969385
7895234,HT125225,2011-01-18 19:55:00,064XX N DAMEN AVE,BATTERY,SIMPLE,APARTMENT,False,False,2412,24.0,50.0,2.0,41.998347557,-87.680152053
7895215,HT125238,2011-01-18 19:50:00,084XX S KOMENSKY AVE,BATTERY,DOMESTIC BATTERY SIMPLE,RESIDENCE,False,True,834,8.0,18.0,70.0,41.739324426,-87.722802479
7895321,HT125235,2011-01-18 19:50:00,037XX W FLOURNOY ST,BATTERY,DOMESTIC BATTERY SIMPLE,RESIDENTIAL YARD (FRONT/BACK),False,True,1133,11.0,24.0,27.0,41.872630475,-87.718634918
7895274,HT125251,2011-01-18 19:42:00,032XX W BELDEN AVE,BATTERY,SIMPLE,STREET,False,False,1413,14.0,35.0,22.0,41.922875124,-87.708532924
7895286,HT125202,2011-01-18 19:30:00,073XX S RIDGELAND AVE,BATTERY,DOMESTIC BATTERY SIMPLE,APARTMENT,False,True,324,3.0,8.0,43.0,41.761244993,-87.582305221
7895338,HT125419,2011-01-18 19:30:00,029XX W POLK ST,BATTERY,SIMPLE,"SCHOOL, PUBLIC, GROUNDS",False,False,1135,11.0,28.0,27.0,41.871025414,-87.699510379
7895372,HT125214,2011-01-18 19:20:00,036XX N PULASKI RD,BATTERY,DOMESTIC BATTERY SIMPLE,APARTMENT,False,True,1732,17.0,30.0,16.0,41.946955343,-87.727416356
7895341,HT125186,2011-01-18 19:05:00,050XX N SHERIDAN RD,BATTERY,SIMPLE,APARTMENT,False,False,2024,20.0,46.0,3.0,41.97457394,-87.654961348
7895269,HT125309,2011-01-18 19:00:00,044XX N KEOKUK AVE,BATTERY,DOMESTIC BATTERY SIMPLE,APARTMENT,True,True,1722,17.0,45.0,16.0,41.962238841,-87.733349339
7895322,HT125193,2011-01-18 19:00:00,037XX S NORMAL AVE,BATTERY,DOMESTIC BATTERY SIMPLE,RESIDENCE,False,True,925,9.0,11.0,60.0,41.826008044,-87.638682338
7895133,HT125129,2011-01-18 18:45:00,066XX S HALSTED ST,BATTERY,SIMPLE,GAS STATION,False,False,723,7.0,6.0,68.0,41.772972076,-87.644610871
7898665,HT128128,2011-01-18 18:30:00,030XX N HAUSSEN CT,ASSAULT,SIMPLE,RESIDENCE PORCH/HALLWAY,False,False,2523,25.0,30.0,21.0,41.936508996,-87.723439309
7896672,HT126120,2011-01-18 18:30:00,032XX S KARLOV AVE,BATTERY,DOMESTIC BATTERY SIMPLE,RESIDENCE,False,True,1031,10.0,22.0,30.0,41.834459669,-87.72672823
7897051,HT125888,2011-01-18 18:30:00,045XX S PRAIRIE AVE,ASSAULT,SIMPLE,RESIDENCE,False,True,222,2.0,3.0,38.0,41.812362284,-87.619678046
7323598,HS126674,2010-01-18 21:30:00,041XX W DICKENS AVE,BATTERY,DOMESTIC BATTERY SIMPLE,APARTMENT,False,True,2525,25.0,30.0,20.0,41.91894317,-87.730709065
7321447,HS126637,2010-01-18 21:30:00,044XX W VAN BUREN ST,ASSAULT,AGGRAVATED:KNIFE/CUTTING INSTR,RESIDENCE PORCH/HALLWAY,True,True,1131,11.0,24.0,26.0,41.875134939,-87.736121787
7321408,HS126599,2010-01-18 21:05:00,0000X W 79TH ST,ASSAULT,AGG PRO.EMP:KNIFE/CUTTING INST,CTA PLATFORM,False,False,623,6.0,6.0,44.0,41.750940757,-87.625185222
7322898,HS126725,2010-01-18 21:00:00,020XX W JACKSON BLVD,BATTERY,SIMPLE,PARKING LOT/GARAGE(NON.RESID.),False,False,1211,12.0,2.0,28.0,41.877481507,-87.677319464
7333464,HS126665,2010-01-18 21:00:00,062XX N FRANCISCO AVE,ASSAULT,SIMPLE,APARTMENT,False,False,2413,24.0,50.0,2.0,41.994597545,-87.701964432
7321471,HS126625,2010-01-18 21:00:00,009XX W 87TH ST,BATTERY,SIMPLE,SMALL RETAIL STORE,True,False,2222,22.0,21.0,71.0,41.736016065,-87.647618185
7321387,HS126613,2010-01-18 21:00:00,035XX N HALSTED ST,BATTERY,SIMPLE,STREET,False,False,2331,19.0,44.0,6.0,41.946791948,-87.649470075
7321424,HS126600,2010-01-18 20:50:00,012XX W 57TH ST,BATTERY,DOMESTIC BATTERY SIMPLE,SIDEWALK,False,True,713,7.0,16.0,67.0,41.790501754,-87.656472924
7321626,HS126573,2010-01-18 20:25:00,109XX S STATE ST,BATTERY,DOMESTIC BATTERY SIMPLE,RESIDENCE,False,True,513,5.0,34.0,49.0,41.69592966,-87.623200261
7321364,HS126552,2010-01-18 20:20:00,066XX S GREENWOOD AVE,BATTERY,DOMESTIC BATTERY SIMPLE,APARTMENT,False,True,321,3.0,5.0,42.0,41.774455996,-87.599715167
7321450,HS126549,2010-01-18 20:12:00,001XX E 49TH ST,BATTERY,AGGRAVATED:KNIFE/CUTTING INSTR,STREET,True,False,224,2.0,3.0,38.0,41.805654374,-87.622187935
7321446,HS126626,2010-01-18 20:00:00,022XX S CENTRAL PARK AVE,BATTERY,SIMPLE,SIDEWALK,False,False,1013,10.0,22.0,30.0,41.851148038,-87.714983008
7321427,HS126571,2010-01-18 19:45:00,085XX S MARQUETTE AVE,BATTERY,SIMPLE,SIDEWALK,False,False,423,4.0,7.0,46.0,41.740042647,-87.558761386
7321517,HS126514,2010-01-18 19:40:00,006XX N HOMAN AVE,BATTERY,DOMESTIC BATTERY SIMPLE,SIDEWALK,False,True,1121,11.0,27.0,23.0,41.892843826,-87.711356267
7321327,HS126474,2010-01-18 19:20:00,063XX S WENTWORTH AVE,BATTERY,SIMPLE,SIDEWALK,False,False,722,3.0,20.0,68.0,41.779577735,-87.630138783
7321372,HS126431,2010-01-18 19:07:00,069XX S ARTESIAN AVE,BATTERY,AGGRAVATED: HANDGUN,SIDEWALK,False,False,832,8.0,15.0,66.0,41.767822984,-87.684548542
7323020,HS126611,2010-01-18 19:00:00,029XX N MEADE AVE,ASSAULT,SIMPLE,RESIDENCE,False,True,2511,25.0,29.0,19.0,41.933538996,-87.778477413
7321295,HS126439,2010-01-18 19:00:00,072XX S CARPENTER ST,BATTERY,DOMESTIC BATTERY SIMPLE,APARTMENT,False,True,733,7.0,17.0,68.0,41.762836382,-87.650418961
7321318,HS126536,2010-01-18 19:00:00,015XX S AVERS AVE,ASSAULT,SIMPLE,SIDEWALK,False,False,1014,10.0,24.0,29.0,41.860070723,-87.721335897
7325294,HS129487,2010-01-18 19:00:00,013XX N LEAVITT ST,ASSAULT,SIMPLE,SIDEWALK,False,False,1424,14.0,1.0,24.0,41.905173981,-87.682201027
7321389,HS126437,2010-01-18 18:55:00,061XX N CLAREMONT AVE,BATTERY,DOMESTIC BATTERY SIMPLE,APARTMENT,False,True,2413,24.0,50.0,2.0,41.993136989,-87.688518929
7321464,HS126464,2010-01-18 18:35:00,040XX N CICERO AVE,BATTERY,DOMESTIC BATTERY SIMPLE,PARKING LOT/GARAGE(NON.RESID.),False,True,1722,17.0,45.0,15.0,41.955049952,-87.747346634
7325181,HS129344,2010-01-18 18:30:00,041XX N ELSTON AVE,ASSAULT,SIMPLE,APARTMENT,False,False,1723,17.0,39.0,16.0,41.957207671,-87.724293473
7321380,HS126471,2010-01-18 18:30:00,105XX S SANGAMON ST,BATTERY,SIMPLE,STREET,False,False,2232,22.0,34.0,73.0,41.702357594,-87.646342678
7325216,HS129132,2010-01-18 18:30:00,037XX W CORNELIA AVE,BATTERY,DOMESTIC BATTERY SIMPLE,APARTMENT,False,True,1732,17.0,30.0,21.0,41.944630283,-87.72159018
